ori_ingredient_name,nor_ingredient_name,ins_timestamp,upd_timestamp,status
水,水,2025-11-22 06:34:18,2025-11-22 06:34:18,pending
熱水,水,2025-11-22 06:34:18,2025-11-22 06:34:18,pending
冷水,水,2025-11-22 06:34:18,2025-11-22 06:34:18,pending
清水,水,2025-11-22 06:34:18,2025-11-22 06:34:18,pending
開水,水,2025-11-22 06:34:18,2025-11-22 06:34:18,pending
冷開水,水,2025-11-22 06:34:18,2025-11-22 06:34:18,pending
冰塊,水,2025-11-22 06:34:18,2025-11-22 06:34:18,pending
溫水,水,2025-11-22 06:34:18,2025-11-22 06:34:18,pending
鹽,鹽,2025-11-22 06:34:18,2025-11-22 06:34:18,pending
鹽巴,鹽,2025-11-22 06:34:18,2025-11-22 06:34:18,pending
海鹽,鹽,2025-11-22 06:34:18,2025-11-22 06:34:18,pending
塩,鹽,2025-11-22 06:34:18,2025-11-22 06:34:18,pending
胡椒鹽,鹽,2025-11-22 06:34:18,2025-11-22 06:34:18,pending
糖,糖,2025-11-22 06:34:18,2025-11-22 06:34:18,pending
砂糖,糖,2025-11-22 06:34:18,2025-11-22 06:34:18,pending
細砂糖,糖,2025-11-22 06:34:18,2025-11-22 06:34:18,pending
冰糖,糖,2025-11-22 06:34:18,2025-11-22 06:34:18,pending
黑糖,糖,2025-11-22 06:34:18,2025-11-22 06:34:18,pending
二砂糖,糖,2025-11-22 06:34:18,2025-11-22 06:34:18,pending
白砂糖,糖,2025-11-22 06:34:18,2025-11-22 06:34:18,pending
糖粉,糖,2025-11-22 06:34:18,2025-11-22 06:34:18,pending
醬油,醬油,2025-11-22 06:34:18,2025-11-22 06:34:18,pending
醬油膏,醬油膏,2025-11-22 06:34:18,2025-11-22 06:34:18,pending
蠔油,蠔油,2025-11-22 06:34:18,2025-11-22 06:34:18,pending
素蠔油,蠔油,2025-11-22 06:34:18,2025-11-22 06:34:18,pending
魚露,魚露,2025-11-22 06:34:18,2025-11-22 06:34:18,pending
烏醋,烏醋,2025-11-22 06:34:18,2025-11-22 06:34:18,pending
白醋,白醋,2025-11-22 06:34:18,2025-11-22 06:34:18,pending
醋,白醋,2025-11-22 06:34:18,2025-11-22 06:34:18,pending
番茄醬,番茄醬,2025-11-22 06:34:18,2025-11-22 06:34:18,pending
蕃茄醬,番茄醬,2025-11-22 06:34:18,2025-11-22 06:34:18,pending
辣豆瓣醬,豆瓣醬,2025-11-22 06:34:18,2025-11-22 06:34:18,pending
豆瓣醬,豆瓣醬,2025-11-22 06:34:18,2025-11-22 06:34:18,pending
味噌,味噌,2025-11-22 06:34:18,2025-11-22 06:34:18,pending
美乃滋,美乃滋,2025-11-22 06:34:18,2025-11-22 06:34:18,pending
油,食用油,2025-11-22 06:34:18,2025-11-22 06:34:18,pending
食用油,食用油,2025-11-22 06:34:18,2025-11-22 06:34:18,pending
沙拉油,食用油,2025-11-22 06:34:18,2025-11-22 06:34:18,pending
植物油,食用油,2025-11-22 06:34:18,2025-11-22 06:34:18,pending
橄欖油,橄欖油,2025-11-22 06:34:18,2025-11-22 06:34:18,pending
香油,芝麻油,2025-11-22 06:34:18,2025-11-22 06:34:18,pending
麻油,芝麻油,2025-11-22 06:34:18,2025-11-22 06:34:18,pending
奶油,奶油,2025-11-22 06:34:18,2025-11-22 06:34:18,pending
無鹽奶油,奶油,2025-11-22 06:34:18,2025-11-22 06:34:18,pending
奶油乳酪,奶油乳酪,2025-11-22 06:34:18,2025-11-22 06:34:18,pending
洋蔥,洋蔥,2025-11-22 06:34:18,2025-11-22 06:34:18,pending
蒜頭,蒜,2025-11-22 06:34:18,2025-11-22 06:34:18,pending
蒜,蒜,2025-11-22 06:34:18,2025-11-22 06:34:18,pending
蒜末,蒜,2025-11-22 06:34:18,2025-11-22 06:34:18,pending
大蒜,蒜,2025-11-22 06:34:18,2025-11-22 06:34:18,pending
蒜泥,蒜,2025-11-22 06:34:18,2025-11-22 06:34:18,pending
薑,薑,2025-11-22 06:34:18,2025-11-22 06:34:18,pending
薑片,薑,2025-11-22 06:34:18,2025-11-22 06:34:18,pending
薑末,薑,2025-11-22 06:34:18,2025-11-22 06:34:18,pending
老薑,薑,2025-11-22 06:34:18,2025-11-22 06:34:18,pending
薑絲,薑,2025-11-22 06:34:18,2025-11-22 06:34:18,pending
薑泥,薑,2025-11-22 06:34:18,2025-11-22 06:34:18,pending
蔥,蔥,2025-11-22 06:34:18,2025-11-22 06:34:18,pending
青蔥,蔥,2025-11-22 06:34:18,2025-11-22 06:34:18,pending
蔥花,蔥,2025-11-22 06:34:18,2025-11-22 06:34:18,pending
蔥段,蔥,2025-11-22 06:34:18,2025-11-22 06:34:18,pending
蔥末,蔥,2025-11-22 06:34:18,2025-11-22 06:34:18,pending
紅蔥頭,紅蔥頭,2025-11-22 06:34:18,2025-11-22 06:34:18,pending
油蔥酥,油蔥酥,2025-11-22 06:34:18,2025-11-22 06:34:18,pending
辣椒,辣椒,2025-11-22 06:34:18,2025-11-22 06:34:18,pending
紅辣椒,辣椒,2025-11-22 06:34:18,2025-11-22 06:34:18,pending
香菜,香菜,2025-11-22 06:34:18,2025-11-22 06:34:18,pending
九層塔,九層塔,2025-11-22 06:34:18,2025-11-22 06:34:18,pending
低筋麵粉,麵粉,2025-11-22 06:34:18,2025-11-22 06:34:18,pending
中筋麵粉,麵粉,2025-11-22 06:34:18,2025-11-22 06:34:18,pending
高筋麵粉,麵粉,2025-11-22 06:34:18,2025-11-22 06:34:18,pending
麵粉,麵粉,2025-11-22 06:34:18,2025-11-22 06:34:18,pending
太白粉,太白粉,2025-11-22 06:34:18,2025-11-22 06:34:18,pending
玉米粉,玉米粉,2025-11-22 06:34:18,2025-11-22 06:34:18,pending
地瓜粉,地瓜粉,2025-11-22 06:34:18,2025-11-22 06:34:18,pending
糯米粉,糯米粉,2025-11-22 06:34:18,2025-11-22 06:34:18,pending
在來米粉,在來米粉,2025-11-22 06:34:18,2025-11-22 06:34:18,pending
麵包粉,麵包粉,2025-11-22 06:34:18,2025-11-22 06:34:18,pending
白飯,米飯,2025-11-22 06:34:18,2025-11-22 06:34:18,pending
白米,米,2025-11-22 06:34:18,2025-11-22 06:34:18,pending
米,米,2025-11-22 06:34:18,2025-11-22 06:34:18,pending
義大利麵,義大利麵,2025-11-22 06:34:18,2025-11-22 06:34:18,pending
雞蛋,雞蛋,2025-11-22 06:34:18,2025-11-22 06:34:18,pending
蛋,雞蛋,2025-11-22 06:34:18,2025-11-22 06:34:18,pending
蛋黃,雞蛋,2025-11-22 06:34:18,2025-11-22 06:34:18,pending
蛋白,雞蛋,2025-11-22 06:34:18,2025-11-22 06:34:18,pending
全蛋,雞蛋,2025-11-22 06:34:18,2025-11-22 06:34:18,pending
蛋液,雞蛋,2025-11-22 06:34:18,2025-11-22 06:34:18,pending
水煮蛋,雞蛋,2025-11-22 06:34:18,2025-11-22 06:34:18,pending
牛奶,牛奶,2025-11-22 06:34:18,2025-11-22 06:34:18,pending
鮮奶,牛奶,2025-11-22 06:34:18,2025-11-22 06:34:18,pending
鮮奶油,鮮奶油,2025-11-22 06:34:18,2025-11-22 06:34:18,pending
動物性鮮奶油,鮮奶油,2025-11-22 06:34:18,2025-11-22 06:34:18,pending
紅蘿蔔,紅蘿蔔,2025-11-22 06:34:18,2025-11-22 06:34:18,pending
胡蘿蔔,紅蘿蔔,2025-11-22 06:34:18,2025-11-22 06:34:18,pending
馬鈴薯,馬鈴薯,2025-11-22 06:34:18,2025-11-22 06:34:18,pending
小黃瓜,小黃瓜,2025-11-22 06:34:18,2025-11-22 06:34:18,pending
高麗菜,高麗菜,2025-11-22 06:34:18,2025-11-22 06:34:18,pending
白蘿蔔,白蘿蔔,2025-11-22 06:34:18,2025-11-22 06:34:18,pending
番茄,番茄,2025-11-22 06:34:18,2025-11-22 06:34:18,pending
蕃茄,番茄,2025-11-22 06:34:18,2025-11-22 06:34:18,pending
牛番茄,番茄,2025-11-22 06:34:18,2025-11-22 06:34:18,pending
牛蕃茄,番茄,2025-11-22 06:34:18,2025-11-22 06:34:18,pending
小番茄,番茄,2025-11-22 06:34:18,2025-11-22 06:34:18,pending
香菇,香菇,2025-11-22 06:34:18,2025-11-22 06:34:18,pending
乾香菇,香菇,2025-11-22 06:34:18,2025-11-22 06:34:18,pending
杏鮑菇,杏鮑菇,2025-11-22 06:34:18,2025-11-22 06:34:18,pending
金針菇,金針菇,2025-11-22 06:34:18,2025-11-22 06:34:18,pending
蘑菇,蘑菇,2025-11-22 06:34:18,2025-11-22 06:34:18,pending
黑木耳,木耳,2025-11-22 06:34:18,2025-11-22 06:34:18,pending
木耳,木耳,2025-11-22 06:34:18,2025-11-22 06:34:18,pending
鴻喜菇,鴻喜菇,2025-11-22 06:34:18,2025-11-22 06:34:18,pending
鴻禧菇,鴻喜菇,2025-11-22 06:34:18,2025-11-22 06:34:18,pending
玉米,玉米,2025-11-22 06:34:18,2025-11-22 06:34:18,pending
玉米粒,玉米,2025-11-22 06:34:18,2025-11-22 06:34:18,pending
玉米筍,玉米筍,2025-11-22 06:34:18,2025-11-22 06:34:18,pending
地瓜,地瓜,2025-11-22 06:34:18,2025-11-22 06:34:18,pending
南瓜,南瓜,2025-11-22 06:34:18,2025-11-22 06:34:18,pending
豬絞肉,豬肉,2025-11-22 06:34:18,2025-11-22 06:34:18,pending
絞肉,豬肉,2025-11-22 06:34:18,2025-11-22 06:34:18,pending
五花肉,豬肉,2025-11-22 06:34:18,2025-11-22 06:34:18,pending
排骨,豬肉,2025-11-22 06:34:18,2025-11-22 06:34:18,pending
雞胸肉,雞肉,2025-11-22 06:34:18,2025-11-22 06:34:18,pending
去骨雞腿肉,雞肉,2025-11-22 06:34:18,2025-11-22 06:34:18,pending
雞腿肉,雞肉,2025-11-22 06:34:18,2025-11-22 06:34:18,pending
蝦米,蝦,2025-11-22 06:34:18,2025-11-22 06:34:18,pending
蝦仁,蝦,2025-11-22 06:34:18,2025-11-22 06:34:18,pending
蝦子,蝦,2025-11-22 06:34:18,2025-11-22 06:34:18,pending
蛤蜊,蛤蜊,2025-11-22 06:34:18,2025-11-22 06:34:18,pending
鮭魚,鮭魚,2025-11-22 06:34:18,2025-11-22 06:34:18,pending
米酒,米酒,2025-11-22 06:34:18,2025-11-22 06:34:18,pending
紹興酒,米酒,2025-11-22 06:34:18,2025-11-22 06:34:18,pending
味醂,味醂,2025-11-22 06:34:18,2025-11-22 06:34:18,pending
味霖,味醂,2025-11-22 06:34:18,2025-11-22 06:34:18,pending
檸檬汁,檸檬,2025-11-22 06:34:18,2025-11-22 06:34:18,pending
檸檬,檸檬,2025-11-22 06:34:18,2025-11-22 06:34:18,pending
蜂蜜,蜂蜜,2025-11-22 06:34:18,2025-11-22 06:34:18,pending
泡打粉,泡打粉,2025-11-22 06:34:18,2025-11-22 06:34:18,pending
無鋁泡打粉,泡打粉,2025-11-22 06:34:18,2025-11-22 06:34:18,pending
酵母,酵母,2025-11-22 06:34:18,2025-11-22 06:34:18,pending
速發酵母,酵母,2025-11-22 06:34:18,2025-11-22 06:34:18,pending
酵母粉,酵母,2025-11-22 06:34:18,2025-11-22 06:34:18,pending
白芝麻,芝麻,2025-11-22 06:34:18,2025-11-22 06:34:18,pending
芝麻,芝麻,2025-11-22 06:34:18,2025-11-22 06:34:18,pending
紅豆,紅豆,2025-11-22 06:34:18,2025-11-22 06:34:18,pending
豆腐,豆腐,2025-11-22 06:34:18,2025-11-22 06:34:18,pending
板豆腐,豆腐,2025-11-22 06:34:18,2025-11-22 06:34:18,pending
嫩豆腐,豆腐,2025-11-22 06:34:18,2025-11-22 06:34:18,pending
速發乾酵母,酵母粉,2025-11-22 21:50:46,2025-11-22 21:50:46,processed
帆立貝,帆立貝,2025-11-22 21:50:46,2025-11-22 21:50:46,processed
白胡椒粉,白胡椒粉,2025-11-22 21:50:46,2025-11-22 21:50:46,processed
辣椒(可有可無),辣椒,2025-11-22 21:50:46,2025-11-22 21:50:46,processed
百葉豆腐,豆腐,2025-11-22 21:50:46,2025-11-22 21:50:46,processed
菠菜,菠菜,2025-11-22 21:50:46,2025-11-22 21:50:46,processed
雞粉,雞粉,2025-11-22 21:50:46,2025-11-22 21:50:46,processed
荷蘭豆,荷蘭豆,2025-11-22 21:50:46,2025-11-22 21:50:46,processed
小玉米筍,玉米筍,2025-11-22 21:50:46,2025-11-22 21:50:46,processed
鐵壺水,水,2025-11-22 21:50:46,2025-11-22 21:50:46,processed
鮮香菇,香菇,2025-11-22 21:50:46,2025-11-22 21:50:46,processed
綠豆芽,綠豆芽,2025-11-22 21:50:46,2025-11-22 21:50:46,processed
河粉,河粉,2025-11-22 21:50:46,2025-11-22 21:50:46,processed
速發酵母粉,酵母粉,2025-11-22 21:50:46,2025-11-22 21:50:46,processed
全麥麵粉,麵粉,2025-11-22 21:50:46,2025-11-22 21:50:46,processed
肉桂粉,肉桂粉,2025-11-22 21:50:46,2025-11-22 21:50:46,processed
熟南瓜泥,南瓜泥,2025-11-22 21:50:46,2025-11-22 21:50:46,processed
葡萄乾,葡萄乾,2025-11-22 21:50:46,2025-11-22 21:50:46,processed
粗玉米粉Cornmeal（可省,玉米粉,2025-11-22 21:50:46,2025-11-22 21:50:46,processed
帶皮鮭魚(去骨),鮭魚,2025-11-22 21:50:46,2025-11-22 21:50:46,processed
萵苣,萵苣,2025-11-22 21:50:46,2025-11-22 21:50:46,processed
番茄醬1／2大匙,番茄醬,2025-11-22 21:50:46,2025-11-22 21:50:46,processed
山葵醬(給小朋友吃的話不必加),山葵醬,2025-11-22 21:50:46,2025-11-22 21:50:46,processed
芋泥餡,芋泥,2025-11-22 21:50:46,2025-11-22 21:50:46,processed
奇福餅乾,餅乾,2025-11-22 21:50:46,2025-11-22 21:50:46,processed
瘦豬絞肉,豬絞肉,2025-11-22 21:50:46,2025-11-22 21:50:46,processed
油豆腐,豆腐,2025-11-22 21:50:46,2025-11-22 21:50:46,processed
白胡椒,白胡椒,2025-11-22 21:50:46,2025-11-22 21:50:46,processed
香茹,香菇,2025-11-22 21:50:46,2025-11-22 21:50:46,processed
乾麵筋,麵筋,2025-11-22 21:50:46,2025-11-22 21:50:46,processed
已煮好的花生,花生,2025-11-22 21:50:46,2025-11-22 21:50:46,processed
香菇素蠔油,蠔油,2025-11-22 21:50:46,2025-11-22 21:50:46,processed
紅糖,紅糖,2025-11-22 21:50:46,2025-11-22 21:50:46,processed
蟹味棒,蟹味棒,2025-11-22 21:50:46,2025-11-22 21:50:46,processed
熱飯,飯,2025-11-22 21:50:46,2025-11-22 21:50:46,processed
小磨坊和風壽喜燒鍋醬,壽喜燒醬,2025-11-22 21:50:46,2025-11-22 21:50:46,processed
溏心蛋,蛋,2025-11-22 21:50:46,2025-11-22 21:50:46,processed
生菜,生菜,2025-11-22 21:50:46,2025-11-22 21:50:46,processed
大黃瓜,黃瓜,2025-11-22 21:50:46,2025-11-22 21:50:46,processed
味精,味精,2025-11-22 21:50:46,2025-11-22 21:50:46,processed
大芥菜,芥菜,2025-11-22 21:50:46,2025-11-22 21:50:46,processed
朝天椒,朝天椒,2025-11-22 21:50:46,2025-11-22 21:50:46,processed
米醋,米醋,2025-11-22 21:50:46,2025-11-22 21:50:46,processed
黃砂糖(貳砂),砂糖,2025-11-22 21:50:46,2025-11-22 21:50:46,processed
食鹽,鹽,2025-11-22 21:50:46,2025-11-22 21:50:46,processed
豬肝,豬肝,2025-11-22 21:50:46,2025-11-22 21:50:46,processed
十全120天完熟烏醋,烏醋,2025-11-22 21:50:46,2025-11-22 21:50:46,processed
粉腸,粉腸,2025-11-22 21:50:46,2025-11-22 21:50:46,processed
醬油膏／辣椒醬,醬油膏,2025-11-22 21:50:46,2025-11-22 21:50:46,processed
桂圓乾,桂圓乾,2025-11-22 21:50:46,2025-11-22 21:50:46,processed
水（泡桂圓）,水,2025-11-22 21:50:46,2025-11-22 21:50:46,processed
軟化奶油,食用油,2025-11-22 21:50:46,2025-11-22 21:50:46,processed
牛奶（塗表面）,牛奶,2025-11-22 21:50:46,2025-11-22 21:50:46,processed
牛奶+桂圓水,牛奶,2025-11-22 21:50:46,2025-11-22 21:50:46,processed
青江菜,青江菜,2025-11-22 21:50:46,2025-11-22 21:50:46,processed
香蕉,香蕉,2025-11-22 21:50:46,2025-11-22 21:50:46,processed
蘋果,蘋果,2025-11-22 21:50:46,2025-11-22 21:50:46,processed
亞麻仁籽油,食用油,2025-11-22 21:50:46,2025-11-22 21:50:46,processed
百香果,百香果,2025-11-22 21:50:46,2025-11-22 21:50:46,processed
土雞腿排,雞腿排,2025-11-22 21:50:46,2025-11-22 21:50:46,processed
剝皮辣椒,剝皮辣椒,2025-11-22 21:50:46,2025-11-22 21:50:46,processed
高湯,高湯,2025-11-22 21:50:46,2025-11-22 21:50:46,processed
熱開水,水,2025-11-22 21:50:46,2025-11-22 21:50:46,processed
無糖優格,優格,2025-11-22 21:50:46,2025-11-22 21:50:46,processed
豬五花肉切條狀,豬肉,2025-11-23 12:04:27,2025-11-23 12:04:27,processed
Cream,鮮奶油,2025-11-23 12:04:27,2025-11-23 12:04:27,processed
Cheese,起司,2025-11-23 12:04:27,2025-11-23 12:04:27,processed
華盛頓富士蘋果,蘋果,2025-11-23 12:04:27,2025-11-23 12:04:27,processed
鮮蝦,蝦,2025-11-23 12:04:27,2025-11-23 12:04:27,processed
櫛瓜,櫛瓜,2025-11-23 12:04:27,2025-11-23 12:04:27,processed
蒜瓣,大蒜,2025-11-23 12:04:27,2025-11-23 12:04:27,processed
黑胡椒粒,胡椒粒,2025-11-23 12:04:27,2025-11-23 12:04:27,processed
黃豆芽,黃豆芽,2025-11-23 12:04:27,2025-11-23 12:04:27,processed
紅蘿蔔絲,紅蘿蔔,2025-11-23 12:04:27,2025-11-23 12:04:27,processed
煙燻豆包,豆包,2025-11-23 12:04:27,2025-11-23 12:04:27,processed
烤肉醬,烤肉醬,2025-11-23 12:04:27,2025-11-23 12:04:27,processed
土雞腿,雞腿,2025-11-23 12:04:27,2025-11-23 12:04:27,processed
芥菜,芥菜,2025-11-23 12:04:27,2025-11-23 12:04:27,processed
亨氏番茄醬,番茄醬,2025-11-23 12:04:27,2025-11-23 12:04:27,processed
麥當勞糖醋醬,糖醋醬,2025-11-23 12:04:27,2025-11-23 12:04:27,processed
冷凍菠菜,菠菜,2025-11-23 12:04:27,2025-11-23 12:04:27,processed
秀珍菇,秀珍菇,2025-11-23 12:04:27,2025-11-23 12:04:27,processed
韓式芝麻油,食用油,2025-11-23 12:04:27,2025-11-23 12:04:27,processed
熟白芝麻,芝麻,2025-11-23 12:04:27,2025-11-23 12:04:27,processed
冬粉,冬粉,2025-11-23 12:04:27,2025-11-23 12:04:27,processed
老抽,醬油,2025-11-23 12:04:27,2025-11-23 12:04:27,processed
福山萵苣,萵苣,2025-11-23 12:04:27,2025-11-23 12:04:27,processed
火腿肉,火腿,2025-11-23 12:04:27,2025-11-23 12:04:27,processed
紅酒醋,醋,2025-11-23 12:04:27,2025-11-23 12:04:27,processed
黑胡椒粉,胡椒粉,2025-11-23 12:04:27,2025-11-23 12:04:27,processed
義式綜合香料,香料,2025-11-23 12:04:27,2025-11-23 12:04:27,processed
豬里肌肉片(薄),豬肉,2025-11-23 12:04:27,2025-11-23 12:04:27,processed
筊白筍,筊白筍,2025-11-23 12:04:27,2025-11-23 12:04:27,processed
辣椒(可略),辣椒,2025-11-23 12:04:27,2025-11-23 12:04:27,processed
過貓,過貓,2025-11-23 12:04:27,2025-11-23 12:04:27,processed
小卷,小卷,2025-11-23 12:04:27,2025-11-23 12:04:27,processed
飲用水,水,2025-11-23 12:04:27,2025-11-23 12:04:27,processed
蒜頭油,食用油,2025-11-23 12:04:27,2025-11-23 12:04:27,processed
鮮味炒手,鮮味炒手,2025-11-23 12:04:27,2025-11-23 12:04:27,processed
花椰菜,花椰菜,2025-11-23 12:04:27,2025-11-23 12:04:27,processed
豬梅花肉片,豬肉,2025-11-23 12:04:27,2025-11-23 12:04:27,processed
白開水,水,2025-11-23 12:04:27,2025-11-23 12:04:27,processed
黑芝麻粉,芝麻粉,2025-11-23 12:04:27,2025-11-23 12:04:27,processed
薄鹽醬油,醬油,2025-11-23 12:04:27,2025-11-23 12:04:27,processed
義美辣味拌醬,拌醬,2025-11-23 12:04:27,2025-11-23 12:04:27,processed
義美朝天椒醬,辣椒醬,2025-11-23 12:04:27,2025-11-23 12:04:27,processed
冷凍蝦仁,蝦仁,2025-11-23 12:04:27,2025-11-23 12:04:27,processed
料理米酒,米酒,2025-11-23 12:04:27,2025-11-23 12:04:27,processed
片栗粉或太白粉(醃蝦),太白粉,2025-11-23 12:04:27,2025-11-23 12:04:27,processed
橄欖油(炒蝦仁),橄欖油,2025-11-23 12:04:27,2025-11-23 12:04:27,processed
大蔥白段,蔥,2025-11-23 12:04:27,2025-11-23 12:04:27,processed
大蒜片,大蒜,2025-11-23 12:04:27,2025-11-23 12:04:27,processed
花椒粒,花椒,2025-11-23 12:04:27,2025-11-23 12:04:27,processed
去籽乾辣椒段,辣椒,2025-11-23 12:04:27,2025-11-23 12:04:27,processed
帶皮熟腰果,腰果,2025-11-23 12:04:27,2025-11-23 12:04:27,processed
橄欖油(炒料),橄欖油,2025-11-23 12:04:27,2025-11-23 12:04:27,processed
土豆,馬鈴薯,2025-11-23 12:04:27,2025-11-23 12:04:27,processed
青椒,青椒,2025-11-23 12:04:27,2025-11-23 12:04:27,processed
小米辣朝天椒,辣椒,2025-11-23 12:04:27,2025-11-23 12:04:27,processed
白糖,糖,2025-11-23 12:04:27,2025-11-23 12:04:27,processed
鰹魚粉,鰹魚粉,2025-11-23 12:04:27,2025-11-23 12:04:27,processed
天然酵種,酵種,2025-11-23 12:04:27,2025-11-23 12:04:27,processed
面團用牛油,食用油,2025-11-23 12:04:27,2025-11-23 12:04:27,processed
折叠用牛油,食用油,2025-11-23 12:04:27,2025-11-23 12:04:27,processed
奇香肉骨茶包,肉骨茶包,2025-11-23 12:04:27,2025-11-23 12:04:27,processed
生豆包,豆包,2025-11-23 12:04:27,2025-11-23 12:04:27,processed
麵線,麵線,2025-11-24 09:28:55,2025-11-24 09:28:55,processed
豬高湯,豬高湯,2025-11-24 09:28:55,2025-11-24 09:28:55,processed
水（可續加）,水,2025-11-24 09:28:55,2025-11-24 09:28:55,processed
柴魚片,柴魚,2025-11-24 09:28:55,2025-11-24 09:28:55,processed
蒜酥,蒜,2025-11-24 09:28:55,2025-11-24 09:28:55,processed
胡椒粉,胡椒,2025-11-24 09:28:55,2025-11-24 09:28:55,processed
水（勾芡用）,水,2025-11-24 09:28:55,2025-11-24 09:28:55,processed
米紙,米紙,2025-11-24 09:28:55,2025-11-24 09:28:55,processed
油潑辣子,辣椒油,2025-11-24 09:28:55,2025-11-24 09:28:55,processed
加拉蘋果,蘋果,2025-11-24 09:28:55,2025-11-24 09:28:55,processed
起酥片,酥皮,2025-11-24 09:28:55,2025-11-24 09:28:55,processed
蛋黃液,蛋黃,2025-11-24 09:28:55,2025-11-24 09:28:55,processed
果醬或蜂蜜,果醬,2025-11-24 09:28:55,2025-11-24 09:28:55,processed
烹大師鰹魚粉,鰹魚粉,2025-11-24 09:28:55,2025-11-24 09:28:55,processed
挪威鮭魚,鮭魚,2025-11-24 09:28:55,2025-11-24 09:28:55,processed
蔭豆豉,豆豉,2025-11-24 09:28:55,2025-11-24 09:28:55,processed
剁椒醬,辣椒醬,2025-11-24 09:28:55,2025-11-24 09:28:55,processed
空心菜,空心菜,2025-11-24 09:28:55,2025-11-24 09:28:55,processed
蒜片,蒜,2025-11-24 09:28:55,2025-11-24 09:28:55,processed
牛肉,牛肉,2025-11-24 09:28:55,2025-11-24 09:28:55,processed
植物奶油,食用油,2025-11-24 09:28:55,2025-11-24 09:28:55,processed
凍豆腐丁,豆腐,2025-11-24 09:28:55,2025-11-24 09:28:55,processed
西洋芹,西洋芹,2025-11-24 09:28:55,2025-11-24 09:28:55,processed
雪白菇,菇,2025-11-24 09:28:55,2025-11-24 09:28:55,processed
紅椒,甜椒,2025-11-24 09:28:55,2025-11-24 09:28:55,processed
月桂葉,月桂葉,2025-11-24 09:28:55,2025-11-24 09:28:55,processed
黑楜椒粒,胡椒,2025-11-24 09:28:55,2025-11-24 09:28:55,processed
義式香料,香料,2025-11-24 09:28:55,2025-11-24 09:28:55,processed
雞腿排,雞肉,2025-11-24 09:28:55,2025-11-24 09:28:55,processed
湯種,湯種,2025-11-24 09:28:55,2025-11-24 09:28:55,processed
三溫糖,糖,2025-11-24 09:28:55,2025-11-24 09:28:55,processed
玫瑰花醬,玫瑰醬,2025-11-24 09:28:55,2025-11-24 09:28:55,processed
乾燥玫瑰花（壓碎）,玫瑰花,2025-11-24 09:28:55,2025-11-24 09:28:55,processed
乾燥玫瑰花（泡水用）,玫瑰花,2025-11-24 09:28:55,2025-11-24 09:28:55,processed
水或玫瑰水,水,2025-11-24 09:28:55,2025-11-24 09:28:55,processed
核桃,核桃,2025-11-24 09:28:55,2025-11-24 09:28:55,processed
杏桃乾,杏桃,2025-11-24 09:28:55,2025-11-24 09:28:55,processed
中華黃金豆腐,豆腐,2025-11-24 09:28:55,2025-11-24 09:28:55,processed
全蛋液,雞蛋,2025-11-24 09:28:55,2025-11-24 09:28:55,processed
蘋果果醬,果醬,2025-11-24 09:28:55,2025-11-24 09:28:55,processed
無籽葡萄乾,葡萄乾,2025-11-24 09:28:55,2025-11-24 09:28:55,processed
蝴蝶造型餅乾,餅乾,2025-11-24 09:28:55,2025-11-24 09:28:55,processed
苦甜巧克力磚,巧克力,2025-11-24 09:28:55,2025-11-24 09:28:55,processed
希臘無糖優格,優格,2025-11-24 09:28:55,2025-11-24 09:28:55,processed
海藻糖,海藻糖,2025-11-24 09:28:55,2025-11-24 09:28:55,processed
冷萃凍乾咖啡,咖啡,2025-11-24 09:28:55,2025-11-24 09:28:55,processed
蘋果西打,蘋果西打,2025-11-24 09:28:55,2025-11-24 09:28:55,processed
芋頭,芋頭,2025-11-24 09:28:55,2025-11-24 09:28:55,processed
甜椒,甜椒,2025-11-24 09:28:55,2025-11-24 09:28:55,processed
大腸,大腸,2025-11-24 09:28:55,2025-11-24 09:28:55,processed
任何筋度麵粉,麵粉,2025-11-24 09:28:55,2025-11-24 09:28:55,processed
八角,八角,2025-11-24 09:28:55,2025-11-24 09:28:55,processed
豬中里肌肉,豬肉,2025-11-24 09:28:55,2025-11-24 09:28:55,processed
枸杞,枸杞,2025-11-24 09:28:55,2025-11-24 09:28:55,processed
黑麻油,食用油,2025-11-24 09:28:55,2025-11-24 09:28:55,processed
美乃滋沙拉醬,美乃滋,2025-11-24 09:28:55,2025-11-24 09:28:55,processed
肉鬆,肉鬆,2025-11-24 09:28:55,2025-11-24 09:28:55,processed
味島香鬆,香鬆,2025-11-24 09:28:55,2025-11-24 09:28:55,processed
白胡椒鹽,胡椒鹽,2025-11-24 09:28:55,2025-11-24 09:28:55,processed
米粉,米粉,2025-11-24 09:28:55,2025-11-24 09:28:55,processed
乾木耳,木耳,2025-11-24 09:28:55,2025-11-24 09:28:55,processed
乾蝦米,蝦米,2025-11-24 09:28:55,2025-11-24 09:28:55,processed
蛋白（約5顆蛋）,雞蛋,2025-11-24 09:28:55,2025-11-24 09:28:55,processed
大頭菜,大頭菜,2025-11-24 09:28:55,2025-11-24 09:28:55,processed
華盛頓加拉蘋果,蘋果,2025-11-24 09:28:55,2025-11-24 09:28:55,processed
十全180天完熟白醋,醋,2025-11-24 09:28:55,2025-11-24 09:28:55,processed
冷凍酥皮片,酥皮,2025-11-24 09:28:55,2025-11-24 09:28:55,processed
無調味綜合堅果,堅果,2025-11-24 09:28:55,2025-11-24 09:28:55,processed
Oreo,餅乾,2025-11-24 09:28:55,2025-11-24 09:28:55,processed
cream,鮮奶油,2025-11-24 09:28:55,2025-11-24 09:28:55,processed
cheese,起司,2025-11-24 09:28:55,2025-11-24 09:28:55,processed
雲呢嗱油,食用油,2025-11-24 09:28:55,2025-11-24 09:28:55,processed
天然色粉,色粉,2025-11-24 09:28:55,2025-11-24 09:28:55,processed
蘿蔔絲,蘿蔔,2025-11-24 09:28:55,2025-11-24 09:28:55,processed
薑（絲）,薑,2025-11-24 09:28:55,2025-11-24 09:28:55,processed
香菜末,香菜,2025-11-24 09:28:55,2025-11-24 09:28:55,processed
味素,味素,2025-11-24 09:28:55,2025-11-24 09:28:55,processed
培根,培根,2025-11-25 09:39:43,2025-11-25 09:39:43,processed
大阪燒醬,醬,2025-11-25 09:39:43,2025-11-25 09:39:43,processed
日式美乃滋,美乃滋,2025-11-25 09:39:43,2025-11-25 09:39:43,processed
腰子,腰子,2025-11-25 09:39:43,2025-11-25 09:39:43,processed
千張豆皮,豆皮,2025-11-25 09:39:43,2025-11-25 09:39:43,processed
水煮五鮪魚罐頭,鮪魚,2025-11-25 09:39:43,2025-11-25 09:39:43,processed
番茄片,番茄,2025-11-25 09:39:43,2025-11-25 09:39:43,processed
A菜,A菜,2025-11-25 09:39:43,2025-11-25 09:39:43,processed
B.B.美美辣醬,辣醬,2025-11-25 09:39:43,2025-11-25 09:39:43,processed
彩椒,彩椒,2025-11-25 09:39:43,2025-11-25 09:39:43,processed
鮪魚罐頭,鮪魚,2025-11-25 09:39:43,2025-11-25 09:39:43,processed
慶豐虱目魚丸,虱目魚丸,2025-11-25 09:39:43,2025-11-25 09:39:43,processed
三角油豆腐,油豆腐,2025-11-25 09:39:43,2025-11-25 09:39:43,processed
豆芽菜,豆芽菜,2025-11-25 09:39:43,2025-11-25 09:39:43,processed
叻沙醬包,叻沙醬,2025-11-25 09:39:43,2025-11-25 09:39:43,processed
豬肉片,豬肉,2025-11-25 09:39:43,2025-11-25 09:39:43,processed
水蓮,水蓮,2025-11-25 09:39:43,2025-11-25 09:39:43,processed
巨蟹棒,蟹肉棒,2025-11-25 09:39:43,2025-11-25 09:39:43,processed
華盛頓翠玉蘋果,蘋果,2025-11-25 09:39:43,2025-11-25 09:39:43,processed
豆漿,豆漿,2025-11-25 09:39:43,2025-11-25 09:39:43,processed
紅棗,紅棗,2025-11-25 09:39:43,2025-11-25 09:39:43,processed
蝶豆花,蝶豆花,2025-11-25 09:39:43,2025-11-25 09:39:43,processed
洋菜粉,洋菜粉,2025-11-25 09:39:43,2025-11-25 09:39:43,processed
水性粉,粉,2025-11-25 09:39:43,2025-11-25 09:39:43,processed
容器+蓋子,容器+蓋子,2025-11-25 09:39:43,2025-11-25 09:39:43,processed
奶粉,奶粉,2025-11-25 09:39:43,2025-11-25 09:39:43,processed
乾酵母,酵母,2025-11-25 09:39:43,2025-11-25 09:39:43,processed
綠野農莊文昌雞,雞肉,2025-11-25 09:39:43,2025-11-25 09:39:43,processed
白胡椒粒及洋蔥絲,"胡椒, 洋蔥",2025-11-25 09:39:43,2025-11-25 09:39:43,processed
娃娃菜及金針菇,"娃娃菜, 金針菇",2025-11-25 09:39:43,2025-11-25 09:39:43,processed
高湯或水,"高湯, 水",2025-11-25 09:39:43,2025-11-25 09:39:43,processed
地瓜泥,地瓜,2025-11-25 09:39:43,2025-11-25 09:39:43,processed
黑巧克力粉,巧克力粉,2025-11-25 09:39:43,2025-11-25 09:39:43,processed
牛奶或水,"牛奶, 水",2025-11-25 09:39:43,2025-11-25 09:39:43,processed
零卡糖,糖,2025-11-25 09:39:43,2025-11-25 09:39:43,processed
燕麥粉,燕麥粉,2025-11-25 09:39:43,2025-11-25 09:39:43,processed
椰奶,椰奶,2025-11-25 09:39:43,2025-11-25 09:39:43,processed
消化餅,消化餅,2025-11-25 09:39:43,2025-11-25 09:39:43,processed
伯爵茶粉,茶粉,2025-11-25 09:39:43,2025-11-25 09:39:43,processed
新東陽水煮鮪魚片罐頭,鮪魚,2025-11-25 09:39:43,2025-11-25 09:39:43,processed
小蘇打粉,小蘇打粉,2025-11-25 09:39:43,2025-11-25 09:39:43,processed
辣油,食用油,2025-11-25 09:39:43,2025-11-25 09:39:43,processed
豬里肌排,豬肉,2025-11-25 09:39:43,2025-11-25 09:39:43,processed
蘋果（切8等份）,蘋果,2025-11-25 09:39:43,2025-11-25 09:39:43,processed
甜豆（切2等份）,豆,2025-11-25 09:39:43,2025-11-25 09:39:43,processed
去皮南瓜（切大丁）,南瓜,2025-11-25 09:39:43,2025-11-25 09:39:43,processed
蘋果醋,醋,2025-11-25 09:39:43,2025-11-25 09:39:43,processed
市售堅果醬,堅果醬,2025-11-25 09:39:43,2025-11-25 09:39:43,processed
煙燻紅椒粉,紅椒粉,2025-11-25 09:39:43,2025-11-25 09:39:43,processed
鹽與現磨黑胡椒,"鹽, 胡椒",2025-11-25 09:39:43,2025-11-25 09:39:43,processed
白酒,酒,2025-11-25 09:39:43,2025-11-25 09:39:43,processed
牙籤,牙籤,2025-11-25 09:39:43,2025-11-25 09:39:43,processed
紅、黃蘿蔔絲(裝飾用),蘿蔔,2025-11-25 09:39:43,2025-11-25 09:39:43,processed
蔓越莓乾,蔓越莓,2025-11-25 09:39:43,2025-11-25 09:39:43,processed
柳橙汁&皮,"柳橙汁, 柳橙皮",2025-11-25 09:39:43,2025-11-25 09:39:43,processed
二號砂糖,砂糖,2025-11-25 09:39:43,2025-11-25 09:39:43,processed
白蝦,蝦,2025-11-25 09:39:43,2025-11-25 09:39:43,processed
初榨橄欖油,食用油,2025-11-25 09:39:43,2025-11-25 09:39:43,processed
乾辣椒,辣椒,2025-11-25 09:39:43,2025-11-25 09:39:43,processed
新鮮辣椒,辣椒,2025-11-25 09:39:43,2025-11-25 09:39:43,processed
或,或,2025-11-25 09:39:43,2025-11-25 09:39:43,processed
啤酒,啤酒,2025-11-25 09:39:43,2025-11-25 09:39:43,processed
胡椒,胡椒,2025-11-25 09:39:43,2025-11-25 09:39:43,processed
法棍麵包,麵包,2025-11-25 09:39:43,2025-11-25 09:39:43,processed
鑄鐵鍋,鑄鐵鍋,2025-11-25 09:39:43,2025-11-25 09:39:43,processed
砂鍋,砂鍋,2025-11-25 09:39:43,2025-11-25 09:39:43,processed
貢丸,貢丸,2025-11-25 09:39:43,2025-11-25 09:39:43,processed
意麵,意麵,2025-11-25 09:39:43,2025-11-25 09:39:43,processed
蛤蠣,蛤蠣,2025-11-25 09:39:43,2025-11-25 09:39:43,processed
牛肉片,牛肉,2025-11-25 09:39:43,2025-11-25 09:39:43,processed
麵輪,麵輪,2025-11-25 09:39:43,2025-11-25 09:39:43,processed
肉絲,肉,2025-11-25 09:39:43,2025-11-25 09:39:43,processed
小蕃茄,蕃茄,2025-11-25 09:39:43,2025-11-25 09:39:43,processed
十全180天完熟米醋,米醋,2025-11-25 09:39:43,2025-11-25 09:39:43,processed
豆皮,豆皮,2025-11-25 09:39:43,2025-11-25 09:39:43,processed
韭菜,韭菜,2025-11-25 09:39:43,2025-11-25 09:39:43,processed
鮮蝦漿(市售現成),蝦漿,2025-11-25 09:39:43,2025-11-25 09:39:43,processed
白芝麻粒,芝麻,2025-11-25 09:39:43,2025-11-25 09:39:43,processed
咖哩塊,咖哩,2025-11-25 09:39:43,2025-11-25 09:39:43,processed
咖哩粉,咖哩粉,2025-11-25 09:39:43,2025-11-25 09:39:43,processed
溪和魩魚XO醬,XO醬,2025-11-25 09:39:43,2025-11-25 09:39:43,processed
魚板,魚板,2025-11-26 10:14:13,2025-11-26 10:14:13,processed
蒜蓉,蒜頭,2025-11-26 10:14:13,2025-11-26 10:14:13,processed
溫開水,水,2025-11-26 10:14:13,2025-11-26 10:14:13,processed
軟法,麵包,2025-11-26 10:14:13,2025-11-26 10:14:13,processed
高筋面粉,麵粉,2025-11-26 10:14:13,2025-11-26 10:14:13,processed
高糖酵母,酵母,2025-11-26 10:14:13,2025-11-26 10:14:13,processed
起司粉,起司,2025-11-26 10:14:13,2025-11-26 10:14:13,processed
秋葵,秋葵,2025-11-26 10:14:13,2025-11-26 10:14:13,processed
丸子,丸子,2025-11-26 10:14:13,2025-11-26 10:14:13,processed
豬肉絲,豬肉,2025-11-26 10:14:13,2025-11-26 10:14:13,processed
金沙醬（或鹹蛋黃碎）,金沙醬,2025-11-26 10:14:13,2025-11-26 10:14:13,processed
黑胡椒,黑胡椒,2025-11-26 10:14:13,2025-11-26 10:14:13,processed
蒜頭切末,蒜頭,2025-11-26 10:14:13,2025-11-26 10:14:13,processed
青蔥末（裝飾用）,青蔥,2025-11-26 10:14:13,2025-11-26 10:14:13,processed
秋葵(配菜),秋葵,2025-11-26 10:14:13,2025-11-26 10:14:13,processed
雞蛋(配菜),雞蛋,2025-11-26 10:14:13,2025-11-26 10:14:13,processed
蔥白,蔥,2025-11-26 10:14:13,2025-11-26 10:14:13,processed
細麵,麵,2025-11-26 10:14:13,2025-11-26 10:14:13,processed
冷壓橄欖油,食用油,2025-11-26 10:14:13,2025-11-26 10:14:13,processed
軟化無鹽奶油,食用油,2025-11-26 10:14:13,2025-11-26 10:14:13,processed
雞蛋液,雞蛋,2025-11-26 10:14:13,2025-11-26 10:14:13,processed
喜歡的色膏,色膏,2025-11-26 10:14:13,2025-11-26 10:14:13,processed
油或橄欖油,食用油,2025-11-26 10:14:13,2025-11-26 10:14:13,processed
味精或雞粉,調味料,2025-11-26 10:14:13,2025-11-26 10:14:13,processed
鯛魚片,鯛魚,2025-11-26 10:14:13,2025-11-26 10:14:13,processed
蘋果醬,蘋果醬,2025-11-26 10:14:13,2025-11-26 10:14:13,processed
香料,香料,2025-11-26 10:14:13,2025-11-26 10:14:13,processed
南瓜泥,南瓜,2025-11-26 10:14:13,2025-11-26 10:14:13,processed
果乾,果乾,2025-11-26 10:14:13,2025-11-26 10:14:13,processed
熟核桃,核桃,2025-11-26 10:14:13,2025-11-26 10:14:13,processed
防潮糖粉,糖粉,2025-11-26 10:14:13,2025-11-26 10:14:13,processed
去骨雞胸肉,雞胸肉,2025-11-26 10:14:13,2025-11-26 10:14:13,processed
美式厚切培根,培根,2025-11-26 10:14:13,2025-11-26 10:14:13,processed
雞高湯,高湯,2025-11-26 10:14:13,2025-11-26 10:14:13,processed
豆乾,豆乾,2025-11-26 10:14:13,2025-11-26 10:14:13,processed
夾心麵包(大亨堡),麵包,2025-11-26 10:14:13,2025-11-26 10:14:13,processed
生菜(福山萵苣),生菜,2025-11-26 10:14:13,2025-11-26 10:14:13,processed
奧勒岡榛果油,食用油,2025-11-26 10:14:13,2025-11-26 10:14:13,processed
榛果九層塔青醬,青醬,2025-11-26 10:14:13,2025-11-26 10:14:13,processed
任意水果,水果,2025-11-26 10:14:13,2025-11-26 10:14:13,processed
三角豆腐,豆腐,2025-11-26 10:14:13,2025-11-26 10:14:13,processed
黑糖塊,黑糖,2025-11-26 10:14:13,2025-11-26 10:14:13,processed
馬頭魚,馬頭魚,2025-11-26 10:14:13,2025-11-26 10:14:13,processed
奧勒岡榛果油（頂級）,食用油,2025-11-26 10:14:13,2025-11-26 10:14:13,processed
隔夜冷飯,飯,2025-11-26 10:14:13,2025-11-26 10:14:13,processed
海鱸魚,鱸魚,2025-11-26 10:14:13,2025-11-26 10:14:13,processed
味增,味噌,2025-11-26 10:14:13,2025-11-26 10:14:13,processed
陽春麵,麵,2025-11-26 10:14:13,2025-11-26 10:14:13,processed
小白菜,小白菜,2025-11-26 10:14:13,2025-11-26 10:14:13,processed
牛腱,牛腱,2025-11-26 10:14:13,2025-11-26 10:14:13,processed
五香滷包,滷包,2025-11-26 10:14:13,2025-11-26 10:14:13,processed
燉肉料包,滷包,2025-11-26 10:14:13,2025-11-26 10:14:13,processed
苦茶油,食用油,2025-11-26 10:14:13,2025-11-26 10:14:13,processed
木耳(依自己喜好,木耳,2025-11-26 10:14:13,2025-11-26 10:14:13,processed
雞翅(依自己喜好,雞翅,2025-11-26 10:14:13,2025-11-26 10:14:13,processed
雞心(依自己喜好,雞心,2025-11-26 10:14:13,2025-11-26 10:14:13,processed
韓式冬粉,冬粉,2025-11-26 10:14:13,2025-11-26 10:14:13,processed
老抽（上色用可免）,醬油,2025-11-26 10:14:13,2025-11-26 10:14:13,processed
鹽（若夠味可免）,鹽,2025-11-26 10:14:13,2025-11-26 10:14:13,processed
鱈魚切片,鱈魚,2025-11-26 10:14:13,2025-11-26 10:14:13,processed
蒸魚醬油,醬油,2025-11-26 10:14:13,2025-11-26 10:14:13,processed
蒜苗,蒜苗,2025-11-26 10:14:13,2025-11-26 10:14:13,processed
